<?xml version="1.0" encoding="utf-8"?>
<resources>
  <string name="CustomerId">Customer Id</string>
  <string name="CustomerName">Customer Name</string>
  <string name="Status">Status</string>
  <string name="ApplicationName">simple app</string>
  <string name="MarkForDelete">Mark for Delete</string>
  <string name="Cancel">Cancel</string>
  <string name="Save">Save</string>
  <string name="Loading">Loading...</string>
  <string name="Saving">Saving...</string>
  <string name="Deleting">Deleting...</string>
  <string name="Error">An error has occurred: {0}</string>
</resources>
