﻿<?xml version="1.0" encoding="utf-8" ?>
<Orders>
  <Order OrderId="3A02CC94-8B4F-4B16-AB70-11A40852D760" OrderDate="2010-06-02" Status="1" CustomerNo="4"/>
  <Order OrderId="8D55B7AF-770D-4BFF-BCEF-12660D7050FC" OrderDate="2010-05-26" Status="1" CustomerNo="1"/>
  <Order OrderId="8E213505-550F-4243-94FC-4D8D4B909BE4" OrderDate="2010-06-02" Status="2" CustomerNo="4"/>
  <Order OrderId="8FE3684B-2A7D-4675-ACF8-5CB2BA3A2AF5" OrderDate="2010-05-26" Status="0" CustomerNo="1"/>
  <Order OrderId="EF16E332-BBBF-45D5-ACFA-88919780A8B0" OrderDate="2010-04-20" Status="1" CustomerNo="2"/>
  <Order OrderId="D0F05EC4-0353-486A-B7A1-CEBF2395600D" OrderDate="2010-04-20" Status="1" CustomerNo="1"/>
  <Order OrderId="B5E8E040-DF9E-4C03-A4F9-E9AEC3471994" OrderDate="2010-06-02" Status="0" CustomerNo="4"/>
  <Order OrderId="29E8FB71-259D-4E41-AC8D-F887C24A820C" OrderDate="2010-04-21" Status="1" CustomerNo="1"/>
</Orders>
